,Strain,Treatment,Pre_stress,Post_stress,S1,S2,S3,S4,S5,S6,S7,S8,S9,S10,S11,S12,S13,S14,S15,S16,S17,S18
0,TU,0,3.429661648780224,3.7770793607859883,4.177665435948642,3.931915603000429,3.926080250938524,3.7251020665096743,4.779966420845565,3.268383995631948,3.7214836127688744,0.0,0.0,0.0,0.0,0.0,0.0,0,0,0,0,0
1,TU,12,3.542066787708113,3.6659316361461793,8.452135112985333,9.150201242468755,9.535697311062577,8.369196999762336,10.68216480819859,7.751086451239882,8.776094222772661,7.9505439713821975,8.42281987605961,8.498113664041185,7.3134676825257365,8.007161116535698,0.2635952995426531,0,0,0,0,0
